label,round,workload,tables,flush_ms,phase,operations,wall_sum_seconds,cpu_sum_seconds,p50_seconds,p95_seconds,p99_seconds
before,0,bulk,0,0,bulk_insert,1,0.043,0.051438,0.043,0.043,0.043
before,0,bulk,0,0,cleanup,1,0.004,0.004902,0.004,0.004,0.004
before,0,bulk,0,0,expire,1,0.013,0.014733,0.013,0.013,0.013
before,0,bulk,0,0,merge,1,0.018,0.021346,0.018,0.018,0.018
before,0,bulk,0,0,scan,10,0.089,0.146439,0.009,0.011,0.011
before,0,mixed,0,0,delete,100,1.339,1.4379410000000004,0.013,0.016,0.019
before,0,mixed,0,0,first_read,1,0.043,0.050185,0.043,0.043,0.043
before,0,mixed,0,0,insert,100,0.7970000000000006,0.8572339999999999,0.008,0.01,0.014
before,0,mixed,0,0,read,800,4.874999999999948,5.6121769999999955,0.006,0.008,0.009
before,0,mixed,0,0,update,100,1.4980000000000004,1.6937430000000009,0.015,0.018,0.018
before,0,mixed,128,0,delete,100,1.697,1.8197670000000004,0.017,0.02,0.027
before,0,mixed,128,0,first_read,1,0.045,0.050773,0.045,0.045,0.045
before,0,mixed,128,0,insert,100,1.0070000000000006,1.060762,0.01,0.012,0.016
before,0,mixed,128,0,read,800,5.0659999999999705,5.757835999999994,0.006,0.009,0.011
before,0,mixed,128,0,update,100,1.6819999999999997,1.8849359999999995,0.017,0.019,0.021
before,0,mixed,128,10,delete,100,2.2499999999999996,1.975666,0.022,0.024,0.035
before,0,mixed,128,10,first_read,1,0.041,0.046912,0.041,0.041,0.041
before,0,mixed,128,10,insert,100,1.6010000000000009,1.1955479999999998,0.011,0.022,0.023
before,0,mixed,128,10,read,800,5.4049999999999985,6.0894100000000035,0.006,0.01,0.011
before,0,mixed,128,10,update,100,2.273999999999999,2.0142119999999997,0.023,0.028,0.03
before,0,mixed_256_files,0,0,delete,100,1.7649999999999995,1.9057759999999997,0.017,0.02,0.026
before,0,mixed_256_files,0,0,first_read,1,0.039,0.045003,0.039,0.039,0.039
before,0,mixed_256_files,0,0,insert,100,0.9170000000000007,0.983316,0.009,0.01,0.011
before,0,mixed_256_files,0,0,read,800,7.9339999999999105,8.76633899999999,0.01,0.013,0.014
before,0,mixed_256_files,0,0,update,100,1.9819999999999993,2.2298810000000007,0.02,0.022,0.031
before,1,bulk,0,0,bulk_insert,1,0.039,0.044766,0.039,0.039,0.039
before,1,bulk,0,0,cleanup,1,0.003,0.003781,0.003,0.003,0.003
before,1,bulk,0,0,expire,1,0.013,0.020664,0.013,0.013,0.013
before,1,bulk,0,0,merge,1,0.017,0.021093,0.017,0.017,0.017
before,1,bulk,0,0,scan,10,0.09,0.150006,0.009,0.011,0.011
before,1,mixed,0,0,delete,100,1.2520000000000002,1.3397649999999994,0.013,0.015,0.015
before,1,mixed,0,0,first_read,1,0.038,0.047572,0.038,0.038,0.038
before,1,mixed,0,0,insert,100,0.7520000000000006,0.7984740000000002,0.007,0.009,0.011
before,1,mixed,0,0,read,800,4.560999999999911,5.237811000000001,0.006,0.007,0.009
before,1,mixed,0,0,update,100,1.4269999999999994,1.6093589999999998,0.014,0.016,0.019
before,1,mixed,128,0,delete,100,1.7269999999999992,1.8527299999999989,0.017,0.02,0.029
before,1,mixed,128,0,first_read,1,0.039,0.044356,0.039,0.039,0.039
before,1,mixed,128,0,insert,100,1.0210000000000006,1.0832909999999996,0.01,0.012,0.014
before,1,mixed,128,0,read,800,5.159999999999974,5.867415000000003,0.006,0.009,0.01
before,1,mixed,128,0,update,100,1.7189999999999994,1.9200119999999992,0.017,0.02,0.026
before,1,mixed,128,10,delete,100,2.2339999999999995,1.9442900000000005,0.022,0.024,0.033
before,1,mixed,128,10,first_read,1,0.039,0.044272,0.039,0.039,0.039
before,1,mixed,128,10,insert,100,1.506000000000001,1.1730939999999996,0.011,0.022,0.023
before,1,mixed,128,10,read,800,5.291999999999981,5.9848110000000005,0.006,0.01,0.011
before,1,mixed,128,10,update,100,2.267000000000001,1.9881509999999998,0.0235,0.028,0.03
before,1,mixed_256_files,0,0,delete,100,1.6059999999999992,1.7648419999999998,0.016,0.019,0.023
before,1,mixed_256_files,0,0,first_read,1,0.038,0.043742,0.038,0.038,0.038
before,1,mixed_256_files,0,0,insert,100,0.8180000000000006,0.8787429999999999,0.008,0.01,0.01
before,1,mixed_256_files,0,0,read,800,6.671000000000029,7.46250700000001,0.008,0.011,0.013
before,1,mixed_256_files,0,0,update,100,1.760999999999999,2.0342740000000004,0.017,0.02,0.025
before,2,bulk,0,0,bulk_insert,1,0.04,0.044406,0.04,0.04,0.04
before,2,bulk,0,0,cleanup,1,0.004,0.003881,0.004,0.004,0.004
before,2,bulk,0,0,expire,1,0.015,0.017954,0.015,0.015,0.015
before,2,bulk,0,0,merge,1,0.018,0.022376,0.018,0.018,0.018
before,2,bulk,0,0,scan,10,0.093,0.15299900000000002,0.009,0.012,0.012
before,2,mixed,0,0,delete,100,1.292,1.3876200000000003,0.013,0.016,0.018
before,2,mixed,0,0,first_read,1,0.031,0.035742,0.031,0.031,0.031
before,2,mixed,0,0,insert,100,0.7610000000000006,0.8197739999999998,0.008,0.009,0.011
before,2,mixed,0,0,read,800,4.696999999999931,5.427490999999993,0.006,0.008,0.009
before,2,mixed,0,0,update,100,1.4649999999999999,1.6526440000000004,0.015,0.018,0.02
before,2,mixed,128,0,delete,100,1.7109999999999999,1.849842,0.017,0.02,0.022
before,2,mixed,128,0,first_read,1,0.041,0.046411,0.041,0.041,0.041
before,2,mixed,128,0,insert,100,1.0280000000000007,1.098086,0.01,0.012,0.012
before,2,mixed,128,0,read,800,5.141999999999969,5.882123000000003,0.006,0.009,0.01
before,2,mixed,128,0,update,100,1.7520000000000004,1.9685350000000001,0.017,0.021,0.023
before,2,mixed,128,10,delete,100,2.2279999999999993,1.9089430000000005,0.022,0.023,0.032
before,2,mixed,128,10,first_read,1,0.039,0.044067,0.039,0.039,0.039
before,2,mixed,128,10,insert,100,1.397000000000001,1.1105690000000004,0.011,0.022,0.022
before,2,mixed,128,10,read,800,5.1959999999999695,5.84889799999999,0.006,0.01,0.011
before,2,mixed,128,10,update,100,2.251,1.953627,0.023,0.028,0.034
before,2,mixed_256_files,0,0,delete,100,1.8009999999999988,1.9415219999999993,0.018,0.021,0.025
before,2,mixed_256_files,0,0,first_read,1,0.038,0.043341,0.038,0.038,0.038
before,2,mixed_256_files,0,0,insert,100,0.9300000000000007,1.0004230000000003,0.009,0.011,0.011
before,2,mixed_256_files,0,0,read,800,7.991999999999918,8.849895999999987,0.01,0.013,0.014
before,2,mixed_256_files,0,0,update,100,2.0169999999999986,2.2910290000000004,0.02,0.025,0.028
before,3,bulk,0,0,bulk_insert,1,0.041,0.048859,0.041,0.041,0.041
before,3,bulk,0,0,cleanup,1,0.004,0.003763,0.004,0.004,0.004
before,3,bulk,0,0,expire,1,0.012,0.020513,0.012,0.012,0.012
before,3,bulk,0,0,merge,1,0.017,0.024521,0.017,0.017,0.017
before,3,bulk,0,0,scan,10,0.087,0.145208,0.0085,0.011,0.011
before,3,mixed,0,0,delete,100,1.2640000000000007,1.3405869999999998,0.013,0.014,0.016
before,3,mixed,0,0,first_read,1,0.033,0.038679,0.033,0.033,0.033
before,3,mixed,0,0,insert,100,0.7420000000000005,0.7930710000000002,0.007,0.009,0.009
before,3,mixed,0,0,read,800,4.5929999999999085,5.253690000000005,0.006,0.007,0.008
before,3,mixed,0,0,update,100,1.4169999999999985,1.595358,0.014,0.016,0.017
before,3,mixed,128,0,delete,100,1.7469999999999997,1.887780000000001,0.017,0.021,0.022
before,3,mixed,128,0,first_read,1,0.04,0.045192,0.04,0.04,0.04
before,3,mixed,128,0,insert,100,1.0230000000000006,1.090048,0.01,0.012,0.013
before,3,mixed,128,0,read,800,5.266999999999995,6.016837999999983,0.006,0.009,0.011
before,3,mixed,128,0,update,100,1.73,1.934216,0.017,0.02,0.021
before,3,mixed,128,10,delete,100,2.3429999999999978,1.970562,0.022,0.033,0.035
before,3,mixed,128,10,first_read,1,0.04,0.04501,0.04,0.04,0.04
before,3,mixed,128,10,insert,100,1.5000000000000007,1.199418,0.011,0.022,0.023
before,3,mixed,128,10,read,800,5.415000000000004,6.107025000000002,0.006,0.01,0.013
before,3,mixed,128,10,update,100,2.2939999999999996,2.024263000000001,0.023,0.032,0.034
before,3,mixed_256_files,0,0,delete,100,1.6099999999999992,1.7720529999999994,0.016,0.019,0.023
before,3,mixed_256_files,0,0,first_read,1,0.039,0.04623,0.039,0.039,0.039
before,3,mixed_256_files,0,0,insert,100,0.8310000000000006,0.886401,0.008,0.009,0.01
before,3,mixed_256_files,0,0,read,800,6.744000000000016,7.558120999999994,0.008,0.011,0.012
before,3,mixed_256_files,0,0,update,100,1.8029999999999986,2.083283,0.018,0.024,0.028
before,4,bulk,0,0,bulk_insert,1,0.039,0.045335,0.039,0.039,0.039
before,4,bulk,0,0,cleanup,1,0.004,0.004069,0.004,0.004,0.004
before,4,bulk,0,0,expire,1,0.014,0.021871,0.014,0.014,0.014
before,4,bulk,0,0,merge,1,0.017,0.021688,0.017,0.017,0.017
before,4,bulk,0,0,scan,10,0.09,0.148701,0.009,0.011,0.011
before,4,mixed,0,0,delete,100,1.2889999999999997,1.381269,0.013,0.015,0.016
before,4,mixed,0,0,first_read,1,0.032,0.03872,0.032,0.032,0.032
before,4,mixed,0,0,insert,100,0.7550000000000006,0.8125339999999996,0.0075,0.009,0.011
before,4,mixed,0,0,read,800,4.640999999999918,5.337694999999998,0.006,0.008,0.008
before,4,mixed,0,0,update,100,1.4309999999999994,1.6117850000000007,0.014,0.016,0.017
before,4,mixed,128,0,delete,100,1.7280000000000002,1.8614939999999995,0.017,0.021,0.03
before,4,mixed,128,0,first_read,1,0.042,0.048666,0.042,0.042,0.042
before,4,mixed,128,0,insert,100,1.0190000000000006,1.0808090000000001,0.01,0.014,0.016
before,4,mixed,128,0,read,800,5.070999999999974,5.7750549999999965,0.006,0.009,0.01
before,4,mixed,128,0,update,100,1.7029999999999996,1.9114490000000002,0.017,0.02,0.028
before,4,mixed,128,10,delete,100,2.2519999999999984,1.8835709999999994,0.022,0.023,0.034
before,4,mixed,128,10,first_read,1,0.038,0.042981,0.038,0.038,0.038
before,4,mixed,128,10,insert,100,1.3840000000000003,1.1087610000000003,0.011,0.022,0.023
before,4,mixed,128,10,read,800,5.15299999999997,5.817181,0.006,0.009,0.01
before,4,mixed,128,10,update,100,2.152,1.9336949999999997,0.022,0.028,0.031
before,4,mixed_256_files,0,0,delete,100,1.7229999999999992,1.85118,0.017,0.02,0.022
before,4,mixed_256_files,0,0,first_read,1,0.035,0.041801,0.035,0.035,0.035
before,4,mixed_256_files,0,0,insert,100,0.9070000000000007,0.956844,0.009,0.01,0.011
before,4,mixed_256_files,0,0,read,800,7.755999999999914,8.550496000000004,0.009,0.013,0.014
before,4,mixed_256_files,0,0,update,100,1.9219999999999993,2.195109,0.019,0.021,0.022
before,5,bulk,0,0,bulk_insert,1,0.041,0.067841,0.041,0.041,0.041
before,5,bulk,0,0,cleanup,1,0.005,0.004499,0.005,0.005,0.005
before,5,bulk,0,0,expire,1,0.013,0.02334,0.013,0.013,0.013
before,5,bulk,0,0,merge,1,0.02,0.025439,0.02,0.02,0.02
before,5,bulk,0,0,scan,10,0.09,0.15607900000000002,0.0085,0.012,0.012
before,5,mixed,0,0,delete,100,1.2660000000000005,1.3549519999999995,0.013,0.015,0.017
before,5,mixed,0,0,first_read,1,0.035,0.044869,0.035,0.035,0.035
before,5,mixed,0,0,insert,100,0.7440000000000005,0.7859950000000001,0.007,0.009,0.01
before,5,mixed,0,0,read,800,4.573999999999904,5.2655660000000015,0.006,0.007,0.008
before,5,mixed,0,0,update,100,1.427999999999999,1.6091689999999994,0.014,0.016,0.017
before,5,mixed,128,0,delete,100,1.7229999999999994,1.8614249999999997,0.017,0.021,0.025
before,5,mixed,128,0,first_read,1,0.041,0.047135,0.041,0.041,0.041
before,5,mixed,128,0,insert,100,1.0130000000000006,1.0721609999999997,0.01,0.012,0.013
before,5,mixed,128,0,read,800,5.087999999999978,5.808089,0.006,0.009,0.01
before,5,mixed,128,0,update,100,1.707,1.9431820000000009,0.017,0.02,0.021
before,5,mixed,128,10,delete,100,2.2799999999999985,2.0380909999999997,0.022,0.033,0.034
before,5,mixed,128,10,first_read,1,0.037,0.042433,0.037,0.037,0.037
before,5,mixed,128,10,insert,100,1.7270000000000005,1.2344870000000006,0.0215,0.023,0.023
before,5,mixed,128,10,read,800,5.485000000000002,6.17829,0.006,0.01,0.011
before,5,mixed,128,10,update,100,2.324,2.1125829999999994,0.023,0.03,0.031
before,5,mixed_256_files,0,0,delete,100,1.755,1.894987,0.017,0.021,0.022
before,5,mixed_256_files,0,0,first_read,1,0.039,0.044713,0.039,0.039,0.039
before,5,mixed_256_files,0,0,insert,100,0.9170000000000007,0.9749869999999999,0.009,0.011,0.012
before,5,mixed_256_files,0,0,read,800,7.998999999999917,8.855373999999992,0.01,0.013,0.015
before,5,mixed_256_files,0,0,update,100,1.9619999999999993,2.2429250000000005,0.019,0.024,0.028
before,6,bulk,0,0,bulk_insert,1,0.043,0.048087,0.043,0.043,0.043
before,6,bulk,0,0,cleanup,1,0.003,0.003601,0.003,0.003,0.003
before,6,bulk,0,0,expire,1,0.013,0.021645,0.013,0.013,0.013
before,6,bulk,0,0,merge,1,0.017,0.021025,0.017,0.017,0.017
before,6,bulk,0,0,scan,10,0.086,0.143877,0.0085,0.01,0.01
before,6,mixed,0,0,delete,100,1.2729999999999995,1.3551680000000006,0.012,0.015,0.017
before,6,mixed,0,0,first_read,1,0.033,0.040902,0.033,0.033,0.033
before,6,mixed,0,0,insert,100,0.7560000000000006,0.8082639999999999,0.007,0.009,0.011
before,6,mixed,0,0,read,800,4.626999999999921,5.334574000000004,0.006,0.007,0.008
before,6,mixed,0,0,update,100,1.444,1.6300809999999997,0.014,0.017,0.021
before,6,mixed,128,0,delete,100,1.7429999999999999,1.8757199999999998,0.017,0.021,0.022
before,6,mixed,128,0,first_read,1,0.044,0.049603,0.044,0.044,0.044
before,6,mixed,128,0,insert,100,1.0170000000000006,1.081205,0.01,0.011,0.013
before,6,mixed,128,0,read,800,5.213999999999982,5.927756000000004,0.006,0.009,0.01
before,6,mixed,128,0,update,100,1.722,1.9277889999999993,0.017,0.019,0.021
before,6,mixed,128,10,delete,100,2.236999999999999,1.899659,0.022,0.024,0.024
before,6,mixed,128,10,first_read,1,0.048,0.056096,0.048,0.048,0.048
before,6,mixed,128,10,insert,100,1.4380000000000006,1.1445880000000004,0.011,0.022,0.023
before,6,mixed,128,10,read,800,5.222999999999972,5.890369000000004,0.006,0.009,0.01
before,6,mixed,128,10,update,100,2.275000000000001,1.9479280000000003,0.024,0.028,0.029
before,6,mixed_256_files,0,0,delete,100,1.7330000000000003,1.8565550000000006,0.017,0.02,0.024
before,6,mixed_256_files,0,0,first_read,1,0.037,0.043957,0.037,0.037,0.037
before,6,mixed_256_files,0,0,insert,100,0.8990000000000007,0.9652289999999993,0.009,0.01,0.011
before,6,mixed_256_files,0,0,read,800,7.672999999999923,8.514813999999996,0.009,0.013,0.014
before,6,mixed_256_files,0,0,update,100,1.9099999999999995,2.177152000000001,0.019,0.022,0.024
review,0,bulk,0,0,bulk_insert,1,0.051,0.085556,0.051,0.051,0.051
review,0,bulk,0,0,cleanup,1,0.005,0.004698,0.005,0.005,0.005
review,0,bulk,0,0,expire,1,0.014,0.017791,0.014,0.014,0.014
review,0,bulk,0,0,merge,1,0.017,0.021531,0.017,0.017,0.017
review,0,bulk,0,0,scan,10,0.103,0.174112,0.01,0.013,0.013
review,0,mixed,0,0,delete,100,1.3069999999999997,1.4052079999999996,0.013,0.016,0.02
review,0,mixed,0,0,first_read,1,0.032,0.038769,0.032,0.032,0.032
review,0,mixed,0,0,insert,100,0.7610000000000006,0.821029,0.008,0.009,0.011
review,0,mixed,0,0,read,800,4.516999999999914,5.235662000000001,0.005,0.007,0.008
review,0,mixed,0,0,update,100,1.4689999999999999,1.6730519999999998,0.014,0.017,0.02
review,0,mixed,128,0,delete,100,1.7349999999999992,1.8774230000000012,0.017,0.021,0.025
review,0,mixed,128,0,first_read,1,0.045,0.05182,0.045,0.045,0.045
review,0,mixed,128,0,insert,100,1.0140000000000007,1.0947799999999996,0.01,0.012,0.017
review,0,mixed,128,0,read,800,5.29199999999999,6.124155999999997,0.006,0.01,0.012
review,0,mixed,128,0,update,100,1.7309999999999999,1.9685440000000007,0.017,0.021,0.024
review,0,mixed,128,10,delete,100,2.3019999999999983,2.059202,0.022,0.033,0.034
review,0,mixed,128,10,first_read,1,0.041,0.045784,0.041,0.041,0.041
review,0,mixed,128,10,insert,100,1.6300000000000008,1.2251009999999998,0.021,0.022,0.023
review,0,mixed,128,10,read,800,5.529000000000021,6.258804999999993,0.006500000000000001,0.01,0.012
review,0,mixed,128,10,update,100,2.3579999999999997,2.077201,0.024,0.031,0.033
review,0,mixed_256_files,0,0,delete,100,1.6439999999999995,1.7748429999999995,0.016,0.02,0.021
review,0,mixed_256_files,0,0,first_read,1,0.037,0.043976,0.037,0.037,0.037
review,0,mixed_256_files,0,0,insert,100,0.8130000000000006,0.8652999999999997,0.008,0.009,0.01
review,0,mixed_256_files,0,0,read,800,6.085000000000013,6.850919999999996,0.007,0.011,0.012
review,0,mixed_256_files,0,0,update,100,1.7750000000000001,2.038544999999999,0.017,0.021,0.022
review,1,bulk,0,0,bulk_insert,1,0.044,0.051809,0.044,0.044,0.044
review,1,bulk,0,0,cleanup,1,0.003,0.003648,0.003,0.003,0.003
review,1,bulk,0,0,expire,1,0.012,0.021224,0.012,0.012,0.012
review,1,bulk,0,0,merge,1,0.018,0.021754,0.018,0.018,0.018
review,1,bulk,0,0,scan,10,0.088,0.147026,0.009,0.011,0.011
review,1,mixed,0,0,delete,100,1.2739999999999991,1.3574250000000003,0.013,0.015,0.015
review,1,mixed,0,0,first_read,1,0.033,0.040409,0.033,0.033,0.033
review,1,mixed,0,0,insert,100,0.7570000000000006,0.8123,0.007,0.009,0.012
review,1,mixed,0,0,read,800,4.481999999999917,5.154460000000006,0.005,0.008,0.008
review,1,mixed,0,0,update,100,1.44,1.6231310000000003,0.014,0.016,0.017
review,1,mixed,128,0,delete,100,1.732999999999999,1.8773959999999992,0.018,0.02,0.023
review,1,mixed,128,0,first_read,1,0.052,0.058858,0.052,0.052,0.052
review,1,mixed,128,0,insert,100,1.0040000000000007,1.075003,0.01,0.011,0.014
review,1,mixed,128,0,read,800,5.152999999999972,5.917335000000005,0.006,0.009,0.01
review,1,mixed,128,0,update,100,1.7019999999999997,1.928942,0.017,0.019,0.022
review,1,mixed,128,10,delete,100,2.227999999999999,1.8933859999999996,0.022,0.023,0.024
review,1,mixed,128,10,first_read,1,0.042,0.049174,0.042,0.042,0.042
review,1,mixed,128,10,insert,100,1.3780000000000006,1.143118,0.011,0.022,0.023
review,1,mixed,128,10,read,800,5.15999999999997,5.875234999999998,0.006,0.009,0.01
review,1,mixed,128,10,update,100,2.2040000000000006,1.959929999999999,0.023,0.028,0.029
review,1,mixed_256_files,0,0,delete,100,1.6019999999999999,1.7531279999999998,0.016,0.021,0.026
review,1,mixed_256_files,0,0,first_read,1,0.034,0.040111,0.034,0.034,0.034
review,1,mixed_256_files,0,0,insert,100,0.8110000000000006,0.8791660000000001,0.008,0.01,0.013
review,1,mixed_256_files,0,0,read,800,5.744000000000034,6.539198000000005,0.007,0.01,0.012
review,1,mixed_256_files,0,0,update,100,1.7709999999999997,2.0399239999999996,0.017,0.022,0.03
review,2,bulk,0,0,bulk_insert,1,0.04,0.044679,0.04,0.04,0.04
review,2,bulk,0,0,cleanup,1,0.004,0.003879,0.004,0.004,0.004
review,2,bulk,0,0,expire,1,0.012,0.014557,0.012,0.012,0.012
review,2,bulk,0,0,merge,1,0.018,0.021781,0.018,0.018,0.018
review,2,bulk,0,0,scan,10,0.088,0.14628999999999998,0.009,0.011,0.011
review,2,mixed,0,0,delete,100,1.4020000000000004,1.5143719999999998,0.013,0.021,0.022
review,2,mixed,0,0,first_read,1,0.034,0.041859,0.034,0.034,0.034
review,2,mixed,0,0,insert,100,0.8330000000000006,0.8873299999999997,0.008,0.011,0.013
review,2,mixed,0,0,read,800,4.90499999999996,5.667447000000003,0.006,0.009,0.01
review,2,mixed,0,0,update,100,1.5419999999999994,1.782286,0.015,0.02,0.022
review,2,mixed,128,0,delete,100,1.6950000000000003,1.8266140000000002,0.017,0.021,0.026
review,2,mixed,128,0,first_read,1,0.038,0.043069,0.038,0.038,0.038
review,2,mixed,128,0,insert,100,0.9730000000000006,1.040917,0.01,0.012,0.015
review,2,mixed,128,0,read,800,4.994999999999965,5.692452000000004,0.006,0.009,0.01
review,2,mixed,128,0,update,100,1.6659999999999997,1.890457,0.0165,0.02,0.022
review,2,mixed,128,10,delete,100,2.2559999999999993,1.9304809999999997,0.022,0.024,0.034
review,2,mixed,128,10,first_read,1,0.041,0.045957,0.041,0.041,0.041
review,2,mixed,128,10,insert,100,1.3470000000000002,1.1359759999999999,0.011,0.022,0.023
review,2,mixed,128,10,read,800,5.239999999999978,5.9300959999999945,0.006,0.01,0.011
review,2,mixed,128,10,update,100,2.2670000000000012,1.99371,0.0235,0.027,0.031
review,2,mixed_256_files,0,0,delete,100,1.5999999999999992,1.7283129999999998,0.016,0.018,0.019
review,2,mixed_256_files,0,0,first_read,1,0.036,0.041826,0.036,0.036,0.036
review,2,mixed_256_files,0,0,insert,100,0.8090000000000006,0.851198,0.008,0.009,0.009
review,2,mixed_256_files,0,0,read,800,5.960000000000015,6.718977999999998,0.007,0.01,0.011
review,2,mixed_256_files,0,0,update,100,1.7479999999999996,1.9815960000000004,0.018,0.019,0.023
review,3,bulk,0,0,bulk_insert,1,0.041,0.047549,0.041,0.041,0.041
review,3,bulk,0,0,cleanup,1,0.004,0.004135,0.004,0.004,0.004
review,3,bulk,0,0,expire,1,0.014,0.022526,0.014,0.014,0.014
review,3,bulk,0,0,merge,1,0.016,0.020312,0.016,0.016,0.016
review,3,bulk,0,0,scan,10,0.09,0.148459,0.009,0.01,0.01
review,3,mixed,0,0,delete,100,1.3289999999999993,1.429976,0.013,0.016,0.017
review,3,mixed,0,0,first_read,1,0.031,0.035046,0.031,0.031,0.031
review,3,mixed,0,0,insert,100,0.7770000000000006,0.8378420000000002,0.008,0.009,0.01
review,3,mixed,0,0,read,800,4.666999999999934,5.374076000000004,0.006,0.008,0.009
review,3,mixed,0,0,update,100,1.5249999999999995,1.7168209999999997,0.016,0.018,0.019
review,3,mixed,128,0,delete,100,1.6809999999999998,1.819255,0.017,0.02,0.022
review,3,mixed,128,0,first_read,1,0.041,0.047653,0.041,0.041,0.041
review,3,mixed,128,0,insert,100,0.9630000000000006,1.0351560000000002,0.01,0.011,0.013
review,3,mixed,128,0,read,800,4.935999999999957,5.636254000000004,0.006,0.009,0.01
review,3,mixed,128,0,update,100,1.6619999999999997,1.889578,0.017,0.02,0.022
review,3,mixed,128,10,delete,100,2.297999999999999,2.111406,0.022,0.033,0.033
review,3,mixed,128,10,first_read,1,0.045,0.050932,0.045,0.045,0.045
review,3,mixed,128,10,insert,100,1.7030000000000007,1.2423030000000004,0.021,0.022,0.023
review,3,mixed,128,10,read,800,5.632000000000028,6.383723999999998,0.007,0.01,0.012
review,3,mixed,128,10,update,100,2.3289999999999984,2.0805870000000004,0.023,0.03,0.034
review,3,mixed_256_files,0,0,delete,100,1.647,1.772105,0.016,0.021,0.023
review,3,mixed_256_files,0,0,first_read,1,0.039,0.046115,0.039,0.039,0.039
review,3,mixed_256_files,0,0,insert,100,0.8170000000000006,0.8738050000000003,0.008,0.01,0.011
review,3,mixed_256_files,0,0,read,800,6.123000000000008,6.901677000000001,0.007,0.011,0.013
review,3,mixed_256_files,0,0,update,100,1.7999999999999994,2.0375989999999997,0.018,0.021,0.026
review,4,bulk,0,0,bulk_insert,1,0.041,0.045665,0.041,0.041,0.041
review,4,bulk,0,0,cleanup,1,0.003,0.003637,0.003,0.003,0.003
review,4,bulk,0,0,expire,1,0.013,0.022216,0.013,0.013,0.013
review,4,bulk,0,0,merge,1,0.018,0.020435,0.018,0.018,0.018
review,4,bulk,0,0,scan,10,0.091,0.150393,0.009,0.011,0.011
review,4,mixed,0,0,delete,100,1.2400000000000002,1.3233210000000002,0.0125,0.015,0.015
review,4,mixed,0,0,first_read,1,0.035,0.042044,0.035,0.035,0.035
review,4,mixed,0,0,insert,100,0.7390000000000005,0.7822439999999997,0.007,0.009,0.011
review,4,mixed,0,0,read,800,4.352999999999919,5.007564999999997,0.005,0.007,0.008
review,4,mixed,0,0,update,100,1.417999999999999,1.593277,0.014,0.016,0.017
review,4,mixed,128,0,delete,100,1.7149999999999996,1.843504,0.017,0.02,0.022
review,4,mixed,128,0,first_read,1,0.04,0.046358,0.04,0.04,0.04
review,4,mixed,128,0,insert,100,0.9920000000000007,1.0573740000000003,0.01,0.012,0.013
review,4,mixed,128,0,read,800,5.024999999999967,5.738111999999996,0.006,0.009,0.01
review,4,mixed,128,0,update,100,1.6769999999999992,1.911099999999999,0.017,0.019,0.02
review,4,mixed,128,10,delete,100,2.2430000000000003,1.8677679999999994,0.022,0.024,0.035
review,4,mixed,128,10,first_read,1,0.044,0.04905,0.044,0.044,0.044
review,4,mixed,128,10,insert,100,1.1900000000000004,1.0939809999999999,0.011,0.022,0.023
review,4,mixed,128,10,read,800,5.126999999999978,5.839083999999999,0.006,0.009,0.011
review,4,mixed,128,10,update,100,2.207,1.9616290000000005,0.022,0.027,0.032
review,4,mixed_256_files,0,0,delete,100,1.6439999999999992,1.7804860000000005,0.016,0.019,0.022
review,4,mixed_256_files,0,0,first_read,1,0.036,0.042669,0.036,0.036,0.036
review,4,mixed_256_files,0,0,insert,100,0.8220000000000006,0.8839800000000001,0.008,0.01,0.01
review,4,mixed_256_files,0,0,read,800,6.262000000000015,7.059178999999999,0.007,0.011,0.012
review,4,mixed_256_files,0,0,update,100,1.8009999999999993,2.067482000000001,0.018,0.022,0.025
review,5,bulk,0,0,bulk_insert,1,0.042,0.0469,0.042,0.042,0.042
review,5,bulk,0,0,cleanup,1,0.004,0.004182,0.004,0.004,0.004
review,5,bulk,0,0,expire,1,0.014,0.022833,0.014,0.014,0.014
review,5,bulk,0,0,merge,1,0.019,0.023447,0.019,0.019,0.019
review,5,bulk,0,0,scan,10,0.092,0.15402600000000002,0.009,0.011,0.011
review,5,mixed,0,0,delete,100,1.3510000000000002,1.4508739999999996,0.0135,0.016,0.02
review,5,mixed,0,0,first_read,1,0.031,0.037148,0.031,0.031,0.031
review,5,mixed,0,0,insert,100,0.7910000000000006,0.858685,0.008,0.01,0.012
review,5,mixed,0,0,read,800,4.717999999999938,5.480183999999992,0.006,0.008,0.009
review,5,mixed,0,0,update,100,1.5189999999999995,1.723201,0.015,0.018,0.023
review,5,mixed,128,0,delete,100,1.7519999999999987,1.9097029999999997,0.017,0.022,0.025
review,5,mixed,128,0,first_read,1,0.047,0.054675,0.047,0.047,0.047
review,5,mixed,128,0,insert,100,1.0090000000000006,1.0756580000000002,0.01,0.012,0.014
review,5,mixed,128,0,read,800,5.232999999999994,5.988185999999995,0.006,0.009,0.011
review,5,mixed,128,0,update,100,1.714,1.9510000000000005,0.017,0.02,0.023
review,5,mixed,128,10,delete,100,2.212,1.8289730000000004,0.022,0.023,0.025
review,5,mixed,128,10,first_read,1,0.039,0.044235,0.039,0.039,0.039
review,5,mixed,128,10,insert,100,1.1780000000000006,1.0853590000000002,0.011,0.022,0.022
review,5,mixed,128,10,read,800,5.046999999999967,5.6912590000000005,0.006,0.009,0.01
review,5,mixed,128,10,update,100,2.161,1.9225490000000005,0.021,0.027,0.03
review,5,mixed_256_files,0,0,delete,100,1.6379999999999997,1.7668609999999996,0.016,0.019,0.022
review,5,mixed_256_files,0,0,first_read,1,0.036,0.041227,0.036,0.036,0.036
review,5,mixed_256_files,0,0,insert,100,0.8220000000000006,0.8787560000000003,0.008,0.009,0.012
review,5,mixed_256_files,0,0,read,800,6.051000000000013,6.823456999999993,0.007,0.011,0.012
review,5,mixed_256_files,0,0,update,100,1.7919999999999994,2.0463399999999985,0.018,0.021,0.023
review,6,bulk,0,0,bulk_insert,1,0.038,0.043026,0.038,0.038,0.038
review,6,bulk,0,0,cleanup,1,0.004,0.004041,0.004,0.004,0.004
review,6,bulk,0,0,expire,1,0.014,0.023683,0.014,0.014,0.014
review,6,bulk,0,0,merge,1,0.017,0.021622,0.017,0.017,0.017
review,6,bulk,0,0,scan,10,0.093,0.154869,0.009,0.012,0.012
review,6,mixed,0,0,delete,100,1.295,1.3804760000000003,0.013,0.016,0.017
review,6,mixed,0,0,first_read,1,0.033,0.038254,0.033,0.033,0.033
review,6,mixed,0,0,insert,100,0.7630000000000006,0.828706,0.008,0.009,0.011
review,6,mixed,0,0,read,800,4.459999999999913,5.135230000000001,0.005,0.007,0.008
review,6,mixed,0,0,update,100,1.4469999999999992,1.6278530000000002,0.014,0.017,0.02
review,6,mixed,128,0,delete,100,1.7079999999999997,1.8318699999999997,0.017,0.019,0.021
review,6,mixed,128,0,first_read,1,0.041,0.047181,0.041,0.041,0.041
review,6,mixed,128,0,insert,100,0.9810000000000006,1.0357949999999998,0.01,0.011,0.012
review,6,mixed,128,0,read,800,4.992999999999962,5.700592000000001,0.006,0.009,0.01
review,6,mixed,128,0,update,100,1.6689999999999994,1.8804610000000004,0.017,0.018,0.019
review,6,mixed,128,10,delete,100,2.311999999999998,1.9732369999999997,0.022,0.033,0.035
review,6,mixed,128,10,first_read,1,0.048,0.05369,0.048,0.048,0.048
review,6,mixed,128,10,insert,100,1.4340000000000008,1.149432,0.011,0.022,0.023
review,6,mixed,128,10,read,800,5.325999999999992,6.023088999999996,0.006,0.01,0.012
review,6,mixed,128,10,update,100,2.296,2.0249349999999997,0.023,0.029,0.032
review,6,mixed_256_files,0,0,delete,100,1.6389999999999991,1.7661480000000005,0.016,0.019,0.022
review,6,mixed_256_files,0,0,first_read,1,0.036,0.043607,0.036,0.036,0.036
review,6,mixed_256_files,0,0,insert,100,0.8210000000000006,0.8734659999999999,0.008,0.009,0.01
review,6,mixed_256_files,0,0,read,800,6.185000000000019,6.956194000000003,0.007,0.011,0.012
review,6,mixed_256_files,0,0,update,100,1.8069999999999988,2.052329,0.018,0.021,0.022
slatedb16,0,bulk,0,0,bulk_insert,1,0.049,0.063312,0.049,0.049,0.049
slatedb16,0,bulk,0,0,cleanup,1,0.005,0.005164,0.005,0.005,0.005
slatedb16,0,bulk,0,0,expire,1,0.014,0.018504,0.014,0.014,0.014
slatedb16,0,bulk,0,0,merge,1,0.021,0.026412,0.021,0.021,0.021
slatedb16,0,bulk,0,0,scan,10,0.11299999999999999,0.19494100000000003,0.012,0.015,0.015
slatedb16,0,mixed,0,0,delete,100,1.3239999999999996,1.4211089999999995,0.013,0.019,0.02
slatedb16,0,mixed,0,0,first_read,1,0.035,0.039958,0.035,0.035,0.035
slatedb16,0,mixed,0,0,insert,100,0.7800000000000006,0.8303769999999999,0.008,0.01,0.011
slatedb16,0,mixed,0,0,read,800,4.623999999999924,5.369533,0.006,0.008,0.01
slatedb16,0,mixed,0,0,update,100,1.505,1.7195639999999999,0.015,0.02,0.021
slatedb16,0,mixed,128,0,delete,100,1.7879999999999994,1.9336879999999999,0.018,0.022,0.026
slatedb16,0,mixed,128,0,first_read,1,0.048,0.056593,0.048,0.048,0.048
slatedb16,0,mixed,128,0,insert,100,1.0150000000000006,1.08832,0.01,0.012,0.014
slatedb16,0,mixed,128,0,read,800,5.275999999999988,6.046604999999991,0.006,0.009,0.011
slatedb16,0,mixed,128,0,update,100,1.7550000000000001,1.974541,0.017,0.021,0.025
slatedb16,0,mixed,128,10,delete,100,2.2569999999999983,1.8989530000000001,0.022,0.024,0.034
slatedb16,0,mixed,128,10,first_read,1,0.04,0.0455,0.04,0.04,0.04
slatedb16,0,mixed,128,10,insert,100,1.3650000000000007,1.117992,0.011,0.022,0.023
slatedb16,0,mixed,128,10,read,800,5.206999999999971,5.876103000000003,0.006,0.01,0.011
slatedb16,0,mixed,128,10,update,100,2.2089999999999987,1.93178,0.022,0.028,0.033
slatedb16,0,mixed_256_files,0,0,delete,100,1.6520000000000001,1.784555,0.017,0.019,0.02
slatedb16,0,mixed_256_files,0,0,first_read,1,0.036,0.041787,0.036,0.036,0.036
slatedb16,0,mixed_256_files,0,0,insert,100,0.8220000000000006,0.8799190000000002,0.008,0.01,0.011
slatedb16,0,mixed_256_files,0,0,read,800,6.178000000000005,6.9498190000000015,0.007,0.011,0.012
slatedb16,0,mixed_256_files,0,0,update,100,1.7919999999999991,2.0433970000000006,0.018,0.021,0.023
slatedb16,1,bulk,0,0,bulk_insert,1,0.041,0.045158,0.041,0.041,0.041
slatedb16,1,bulk,0,0,cleanup,1,0.004,0.004085,0.004,0.004,0.004
slatedb16,1,bulk,0,0,expire,1,0.013,0.021817,0.013,0.013,0.013
slatedb16,1,bulk,0,0,merge,1,0.017,0.021587,0.017,0.017,0.017
slatedb16,1,bulk,0,0,scan,10,0.091,0.152043,0.009,0.011,0.011
slatedb16,1,mixed,0,0,delete,100,1.3379999999999992,1.4218109999999997,0.013,0.019,0.021
slatedb16,1,mixed,0,0,first_read,1,0.031,0.036457,0.031,0.031,0.031
slatedb16,1,mixed,0,0,insert,100,0.7900000000000006,0.8446510000000002,0.008,0.01,0.011
slatedb16,1,mixed,0,0,read,800,4.644999999999931,5.355499,0.006,0.008,0.009
slatedb16,1,mixed,0,0,update,100,1.477,1.682215000000001,0.015,0.019,0.021
slatedb16,1,mixed,128,0,delete,100,1.7229999999999994,1.860019,0.018,0.02,0.022
slatedb16,1,mixed,128,0,first_read,1,0.043,0.049298,0.043,0.043,0.043
slatedb16,1,mixed,128,0,insert,100,0.9920000000000007,1.050454,0.01,0.011,0.012
slatedb16,1,mixed,128,0,read,800,5.132999999999977,5.857662999999992,0.006,0.009,0.01
slatedb16,1,mixed,128,0,update,100,1.6959999999999993,1.910975,0.017,0.019,0.021
slatedb16,1,mixed,128,10,delete,100,2.276999999999999,1.937444,0.022,0.033,0.035
slatedb16,1,mixed,128,10,first_read,1,0.038,0.043832,0.038,0.038,0.038
slatedb16,1,mixed,128,10,insert,100,1.3590000000000007,1.1275219999999997,0.011,0.022,0.023
slatedb16,1,mixed,128,10,read,800,5.275999999999981,5.981281000000002,0.006,0.01,0.011
slatedb16,1,mixed,128,10,update,100,2.2059999999999995,1.984886999999999,0.022,0.029,0.031
slatedb16,1,mixed_256_files,0,0,delete,100,1.5879999999999985,1.734075,0.016,0.019,0.021
slatedb16,1,mixed_256_files,0,0,first_read,1,0.036,0.042771,0.036,0.036,0.036
slatedb16,1,mixed_256_files,0,0,insert,100,0.8020000000000006,0.8685449999999999,0.008,0.009,0.01
slatedb16,1,mixed_256_files,0,0,read,800,5.646000000000043,6.398722999999996,0.007,0.01,0.011
slatedb16,1,mixed_256_files,0,0,update,100,1.737,1.9901350000000007,0.017,0.021,0.022
slatedb16,2,bulk,0,0,bulk_insert,1,0.041,0.047723,0.041,0.041,0.041
slatedb16,2,bulk,0,0,cleanup,1,0.004,0.003913,0.004,0.004,0.004
slatedb16,2,bulk,0,0,expire,1,0.012,0.020476,0.012,0.012,0.012
slatedb16,2,bulk,0,0,merge,1,0.018,0.02148,0.018,0.018,0.018
slatedb16,2,bulk,0,0,scan,10,0.087,0.144756,0.008,0.012,0.012
slatedb16,2,mixed,0,0,delete,100,1.273,1.3634119999999994,0.013,0.016,0.019
slatedb16,2,mixed,0,0,first_read,1,0.031,0.037358,0.031,0.031,0.031
slatedb16,2,mixed,0,0,insert,100,0.7420000000000005,0.7886650000000003,0.007,0.009,0.01
slatedb16,2,mixed,0,0,read,800,4.478999999999916,5.144462000000006,0.005,0.007,0.008
slatedb16,2,mixed,0,0,update,100,1.435,1.6202120000000007,0.014,0.017,0.018
slatedb16,2,mixed,128,0,delete,100,1.8169999999999986,1.9698699999999993,0.018,0.021,0.023
slatedb16,2,mixed,128,0,first_read,1,0.045,0.05187,0.045,0.045,0.045
slatedb16,2,mixed,128,0,insert,100,1.0460000000000005,1.1373610000000003,0.01,0.012,0.013
slatedb16,2,mixed,128,0,read,800,5.489000000000013,6.292407000000014,0.007,0.01,0.011
slatedb16,2,mixed,128,0,update,100,1.7789999999999997,2.028932,0.018,0.02,0.021
slatedb16,2,mixed,128,10,delete,100,2.271999999999998,1.9452729999999994,0.022,0.024,0.034
slatedb16,2,mixed,128,10,first_read,1,0.041,0.046525,0.041,0.041,0.041
slatedb16,2,mixed,128,10,insert,100,1.3810000000000007,1.1397370000000002,0.011,0.022,0.022
slatedb16,2,mixed,128,10,read,800,5.271999999999992,5.97206,0.006,0.009,0.012
slatedb16,2,mixed,128,10,update,100,2.2910000000000004,2.0633399999999997,0.023,0.028,0.032
slatedb16,2,mixed_256_files,0,0,delete,100,1.6099999999999994,1.7399079999999998,0.016,0.019,0.02
slatedb16,2,mixed_256_files,0,0,first_read,1,0.036,0.041424,0.036,0.036,0.036
slatedb16,2,mixed_256_files,0,0,insert,100,0.8100000000000006,0.863649,0.008,0.009,0.01
slatedb16,2,mixed_256_files,0,0,read,800,5.997000000000019,6.775367999999999,0.007,0.01,0.011
slatedb16,2,mixed_256_files,0,0,update,100,1.755999999999999,1.9990680000000007,0.018,0.02,0.024
slatedb16,3,bulk,0,0,bulk_insert,1,0.039,0.04469,0.039,0.039,0.039
slatedb16,3,bulk,0,0,cleanup,1,0.004,0.003554,0.004,0.004,0.004
slatedb16,3,bulk,0,0,expire,1,0.012,0.019888,0.012,0.012,0.012
slatedb16,3,bulk,0,0,merge,1,0.017,0.021226,0.017,0.017,0.017
slatedb16,3,bulk,0,0,scan,10,0.08499999999999999,0.14262800000000003,0.008,0.011,0.011
slatedb16,3,mixed,0,0,delete,100,1.252,1.3249349999999998,0.012,0.015,0.016
slatedb16,3,mixed,0,0,first_read,1,0.03,0.037276,0.03,0.03,0.03
slatedb16,3,mixed,0,0,insert,100,0.7310000000000005,0.7781490000000003,0.007,0.008,0.009
slatedb16,3,mixed,0,0,read,800,4.3729999999999185,5.021571999999998,0.005,0.007,0.008
slatedb16,3,mixed,0,0,update,100,1.4229999999999992,1.5873779999999995,0.014,0.016,0.016
slatedb16,3,mixed,128,0,delete,100,1.6829999999999998,1.8129169999999997,0.017,0.02,0.02
slatedb16,3,mixed,128,0,first_read,1,0.043,0.048671,0.043,0.043,0.043
slatedb16,3,mixed,128,0,insert,100,0.9560000000000006,1.0237779999999999,0.0095,0.011,0.013
slatedb16,3,mixed,128,0,read,800,4.917999999999961,5.632609999999999,0.006,0.009,0.01
slatedb16,3,mixed,128,0,update,100,1.6609999999999996,1.8833320000000002,0.0165,0.019,0.022
slatedb16,3,mixed,128,10,delete,100,2.257999999999999,1.8835650000000004,0.022,0.024,0.035
slatedb16,3,mixed,128,10,first_read,1,0.052,0.062847,0.052,0.052,0.052
slatedb16,3,mixed,128,10,insert,100,1.3370000000000006,1.1145650000000005,0.011,0.022,0.025
slatedb16,3,mixed,128,10,read,800,5.126999999999971,5.800661999999994,0.006,0.009,0.011
slatedb16,3,mixed,128,10,update,100,2.209999999999999,1.9001019999999995,0.023,0.027,0.03
slatedb16,3,mixed_256_files,0,0,delete,100,1.637,1.7659529999999997,0.016,0.019,0.021
slatedb16,3,mixed_256_files,0,0,first_read,1,0.037,0.043825,0.037,0.037,0.037
slatedb16,3,mixed_256_files,0,0,insert,100,0.8200000000000006,0.8774269999999997,0.008,0.009,0.01
slatedb16,3,mixed_256_files,0,0,read,800,6.053000000000013,6.802934,0.007,0.01,0.012
slatedb16,3,mixed_256_files,0,0,update,100,1.7879999999999994,2.0277380000000003,0.018,0.02,0.021
slatedb16,4,bulk,0,0,bulk_insert,1,0.037,0.042506,0.037,0.037,0.037
slatedb16,4,bulk,0,0,cleanup,1,0.003,0.003517,0.003,0.003,0.003
slatedb16,4,bulk,0,0,expire,1,0.013,0.02114,0.013,0.013,0.013
slatedb16,4,bulk,0,0,merge,1,0.017,0.020125,0.017,0.017,0.017
slatedb16,4,bulk,0,0,scan,10,0.08299999999999999,0.140946,0.008,0.01,0.01
slatedb16,4,mixed,0,0,delete,100,1.2889999999999995,1.3823769999999993,0.0125,0.017,0.019
slatedb16,4,mixed,0,0,first_read,1,0.033,0.037016,0.033,0.033,0.033
slatedb16,4,mixed,0,0,insert,100,0.7500000000000006,0.8020579999999995,0.007,0.009,0.01
slatedb16,4,mixed,0,0,read,800,4.4909999999999215,5.177887999999996,0.005,0.007,0.008
slatedb16,4,mixed,0,0,update,100,1.4460000000000002,1.6266469999999997,0.014,0.017,0.02
slatedb16,4,mixed,128,0,delete,100,1.6249999999999987,1.73733,0.016,0.019,0.02
slatedb16,4,mixed,128,0,first_read,1,0.042,0.047553,0.042,0.042,0.042
slatedb16,4,mixed,128,0,insert,100,0.9350000000000007,0.9910809999999998,0.009,0.011,0.013
slatedb16,4,mixed,128,0,read,800,4.783999999999942,5.449468999999996,0.006,0.008,0.009
slatedb16,4,mixed,128,0,update,100,1.6299999999999988,1.8166369999999994,0.016,0.019,0.02
slatedb16,4,mixed,128,10,delete,100,2.2239999999999998,1.9119020000000004,0.022,0.023,0.033
slatedb16,4,mixed,128,10,first_read,1,0.038,0.042917,0.038,0.038,0.038
slatedb16,4,mixed,128,10,insert,100,1.3530000000000009,1.1282930000000004,0.011,0.022,0.022
slatedb16,4,mixed,128,10,read,800,5.14399999999997,5.877133000000006,0.006,0.009,0.01
slatedb16,4,mixed,128,10,update,100,2.226,1.9612160000000003,0.023,0.028,0.031
slatedb16,4,mixed_256_files,0,0,delete,100,1.5279999999999991,1.6651889999999998,0.015,0.018,0.019
slatedb16,4,mixed_256_files,0,0,first_read,1,0.035,0.041712,0.035,0.035,0.035
slatedb16,4,mixed_256_files,0,0,insert,100,0.7820000000000006,0.8324940000000003,0.008,0.009,0.01
slatedb16,4,mixed_256_files,0,0,read,800,5.472000000000026,6.17366799999999,0.007,0.009,0.01
slatedb16,4,mixed_256_files,0,0,update,100,1.6809999999999996,1.9067699999999996,0.017,0.02,0.021
slatedb16,5,bulk,0,0,bulk_insert,1,0.041,0.047875,0.041,0.041,0.041
slatedb16,5,bulk,0,0,cleanup,1,0.004,0.004074,0.004,0.004,0.004
slatedb16,5,bulk,0,0,expire,1,0.013,0.014948,0.013,0.013,0.013
slatedb16,5,bulk,0,0,merge,1,0.019,0.022008,0.019,0.019,0.019
slatedb16,5,bulk,0,0,scan,10,0.086,0.14463199999999998,0.008,0.011,0.011
slatedb16,5,mixed,0,0,delete,100,1.294,1.3770139999999997,0.013,0.016,0.019
slatedb16,5,mixed,0,0,first_read,1,0.032,0.036651,0.032,0.032,0.032
slatedb16,5,mixed,0,0,insert,100,0.7610000000000006,0.804376,0.007,0.01,0.01
slatedb16,5,mixed,0,0,read,800,4.506999999999921,5.174171,0.005,0.008,0.008
slatedb16,5,mixed,0,0,update,100,1.4469999999999992,1.6360250000000007,0.014,0.018,0.019
slatedb16,5,mixed,128,0,delete,100,1.6899999999999997,1.8144150000000001,0.017,0.02,0.02
slatedb16,5,mixed,128,0,first_read,1,0.04,0.046543,0.04,0.04,0.04
slatedb16,5,mixed,128,0,insert,100,0.9710000000000006,1.0307420000000003,0.01,0.011,0.013
slatedb16,5,mixed,128,0,read,800,4.974999999999962,5.693060000000003,0.006,0.009,0.01
slatedb16,5,mixed,128,0,update,100,1.6789999999999998,1.875389,0.017,0.019,0.02
slatedb16,5,mixed,128,10,delete,100,2.2599999999999985,1.9124439999999998,0.022,0.024,0.034
slatedb16,5,mixed,128,10,first_read,1,0.046,0.052271,0.046,0.046,0.046
slatedb16,5,mixed,128,10,insert,100,1.352,1.1264509999999996,0.011,0.022,0.023
slatedb16,5,mixed,128,10,read,800,5.2029999999999665,5.876813,0.006,0.009,0.01
slatedb16,5,mixed,128,10,update,100,2.305,1.9292300000000007,0.024,0.027,0.028
slatedb16,5,mixed_256_files,0,0,delete,100,1.630999999999999,1.7440529999999999,0.016,0.019,0.02
slatedb16,5,mixed_256_files,0,0,first_read,1,0.035,0.041634,0.035,0.035,0.035
slatedb16,5,mixed_256_files,0,0,insert,100,0.8110000000000006,0.860324,0.008,0.009,0.011
slatedb16,5,mixed_256_files,0,0,read,800,6.076000000000018,6.8274529999999976,0.007,0.011,0.012
slatedb16,5,mixed_256_files,0,0,update,100,1.7739999999999987,2.015473,0.018,0.02,0.023
slatedb16,6,bulk,0,0,bulk_insert,1,0.04,0.063722,0.04,0.04,0.04
slatedb16,6,bulk,0,0,cleanup,1,0.004,0.004033,0.004,0.004,0.004
slatedb16,6,bulk,0,0,expire,1,0.013,0.019889,0.013,0.013,0.013
slatedb16,6,bulk,0,0,merge,1,0.017,0.023846,0.017,0.017,0.017
slatedb16,6,bulk,0,0,scan,10,0.092,0.15401500000000004,0.009,0.011,0.011
slatedb16,6,mixed,0,0,delete,100,1.2410000000000005,1.3266459999999995,0.012,0.014,0.015
slatedb16,6,mixed,0,0,first_read,1,0.032,0.038605,0.032,0.032,0.032
slatedb16,6,mixed,0,0,insert,100,0.7400000000000005,0.7666800000000003,0.007,0.008,0.008
slatedb16,6,mixed,0,0,read,800,4.399999999999922,5.0622670000000145,0.005,0.007,0.008
slatedb16,6,mixed,0,0,update,100,1.4189999999999987,1.588114,0.014,0.016,0.017
slatedb16,6,mixed,128,0,delete,100,1.6740000000000004,1.809195,0.017,0.02,0.021
slatedb16,6,mixed,128,0,first_read,1,0.037,0.042009,0.037,0.037,0.037
slatedb16,6,mixed,128,0,insert,100,0.9660000000000006,1.0192809999999999,0.01,0.011,0.012
slatedb16,6,mixed,128,0,read,800,4.942999999999961,5.651639000000012,0.006,0.009,0.01
slatedb16,6,mixed,128,0,update,100,1.6759999999999993,1.8794469999999996,0.016,0.02,0.022
slatedb16,6,mixed,128,10,delete,100,2.2209999999999996,1.8675640000000004,0.022,0.023,0.024
slatedb16,6,mixed,128,10,first_read,1,0.035,0.040192,0.035,0.035,0.035
slatedb16,6,mixed,128,10,insert,100,1.2520000000000007,1.1025199999999995,0.011,0.022,0.022
slatedb16,6,mixed,128,10,read,800,5.119999999999971,5.782770999999997,0.006,0.009,0.011
slatedb16,6,mixed,128,10,update,100,2.146,1.916145,0.0215,0.027,0.028
slatedb16,6,mixed_256_files,0,0,delete,100,1.5639999999999992,1.7021960000000003,0.016,0.019,0.021
slatedb16,6,mixed_256_files,0,0,first_read,1,0.034,0.041101,0.034,0.034,0.034
slatedb16,6,mixed_256_files,0,0,insert,100,0.7950000000000006,0.8484180000000003,0.008,0.009,0.01
slatedb16,6,mixed_256_files,0,0,read,800,5.553000000000039,6.301829,0.007,0.009,0.01
slatedb16,6,mixed_256_files,0,0,update,100,1.7079999999999993,1.952066999999999,0.017,0.019,0.02
